https://www.instagram.com/gujju_comedywala?igsh=MWZzaHBrZXcycm81cw==,https://www.instagram.com/reel/C34GR0Co3lU/
https://www.instagram.com/gujju_comedywala?igsh=MWZzaHBrZXcycm81cw==,https://www.instagram.com/reel/C3rxOaQSqfy/
https://www.instagram.com/gujju_comedywala?igsh=MWZzaHBrZXcycm81cw==,https://www.instagram.com/reel/C3p87FaSH9s/
https://www.instagram.com/gujju_comedywala?igsh=MWZzaHBrZXcycm81cw==,https://www.instagram.com/reel/C3pjfXDIob3/
https://www.instagram.com/gujju_comedywala?igsh=MWZzaHBrZXcycm81cw==,https://www.instagram.com/reel/C3oiMtMSN-E/
https://www.instagram.com/gujju_comedywala?igsh=MWZzaHBrZXcycm81cw==,https://www.instagram.com/reel/C3nIoH5R567/
https://www.instagram.com/gujju_comedywala?igsh=MWZzaHBrZXcycm81cw==,https://www.instagram.com/reel/C3mH36hIAic/
https://www.instagram.com/gujju_comedywala?igsh=MWZzaHBrZXcycm81cw==,https://www.instagram.com/reel/C3jdVuBywZj/
https://www.instagram.com/gujju_comedywala?igsh=MWZzaHBrZXcycm81cw==,https://www.instagram.com/reel/C3hve7IyARv/
https://www.instagram.com/gujju_comedywala?igsh=MWZzaHBrZXcycm81cw==,https://www.instagram.com/reel/C3g8m4VyypV/
https://www.instagram.com/gujju_comedywala?igsh=MWZzaHBrZXcycm81cw==,https://www.instagram.com/reel/C3g6KExy85D/
https://www.instagram.com/gujju_comedywala?igsh=MWZzaHBrZXcycm81cw==,https://www.instagram.com/reel/C3cy0O0onF5/
https://www.instagram.com/gujju_comedywala?igsh=MWZzaHBrZXcycm81cw==,https://www.instagram.com/reel/C3cAC5ZoHyq/
https://www.instagram.com/gujju_comedywala?igsh=MWZzaHBrZXcycm81cw==,https://www.instagram.com/reel/C3RgbZzInjN/
https://www.instagram.com/gujju_comedywala?igsh=MWZzaHBrZXcycm81cw==,https://www.instagram.com/reel/C3Nj5tbyxn_/
https://www.instagram.com/gujju_comedywala?igsh=MWZzaHBrZXcycm81cw==,https://www.instagram.com/reel/C3LGozPtekU/
https://www.instagram.com/gujju_comedywala?igsh=MWZzaHBrZXcycm81cw==,https://www.instagram.com/reel/C3HhN-qoD1r/
https://www.instagram.com/gujju_comedywala?igsh=MWZzaHBrZXcycm81cw==,https://www.instagram.com/reel/C3E8pBuI6NX/
https://www.instagram.com/gujju_comedywala?igsh=MWZzaHBrZXcycm81cw==,https://www.instagram.com/reel/C3En7o1y_Kk/
https://www.instagram.com/gujju_comedywala?igsh=MWZzaHBrZXcycm81cw==,https://www.instagram.com/reel/C3DTh96yym1/
https://www.instagram.com/gujju_comedywala?igsh=MWZzaHBrZXcycm81cw==,https://www.instagram.com/reel/C3CZO7zStji/
https://www.instagram.com/gujju_comedywala?igsh=MWZzaHBrZXcycm81cw==,https://www.instagram.com/reel/C3CEo3uSDAe/
https://www.instagram.com/gujju_comedywala?igsh=MWZzaHBrZXcycm81cw==,https://www.instagram.com/reel/C3AzW8DyuPe/
https://www.instagram.com/gujju_comedywala?igsh=MWZzaHBrZXcycm81cw==,https://www.instagram.com/reel/C2_0iPiSJNy/
https://www.instagram.com/lovely_.writer?igsh=MWd5MGh5OXFmM2JmZg==,https://www.instagram.com/reel/C4s0SrlMFVU/
https://www.instagram.com/lovely_.writer?igsh=MWd5MGh5OXFmM2JmZg==,https://www.instagram.com/reel/C4qUTMCyGkw/
https://www.instagram.com/lovely_.writer?igsh=MWd5MGh5OXFmM2JmZg==,https://www.instagram.com/reel/C4mMbDpSdie/
https://www.instagram.com/lovely_.writer?igsh=MWd5MGh5OXFmM2JmZg==,https://www.instagram.com/reel/C4jkEvdS1qB/
https://www.instagram.com/lovely_.writer?igsh=MWd5MGh5OXFmM2JmZg==,https://www.instagram.com/reel/C4Xg-FwS56H/
https://www.instagram.com/lovely_.writer?igsh=MWd5MGh5OXFmM2JmZg==,https://www.instagram.com/reel/C4UBoADSfrc/
https://www.instagram.com/lovely_.writer?igsh=MWd5MGh5OXFmM2JmZg==,https://www.instagram.com/reel/C4TCwC4yg5t/
https://www.instagram.com/lovely_.writer?igsh=MWd5MGh5OXFmM2JmZg==,https://www.instagram.com/reel/C4Qg97mSoO9/
https://www.instagram.com/lovely_.writer?igsh=MWd5MGh5OXFmM2JmZg==,https://www.instagram.com/reel/C4PEyPRysHm/
https://www.instagram.com/lovely_.writer?igsh=MWd5MGh5OXFmM2JmZg==,https://www.instagram.com/reel/C4OO5vqSKaY/
https://www.instagram.com/lovely_.writer?igsh=MWd5MGh5OXFmM2JmZg==,https://www.instagram.com/reel/C4Ld6TqsRPL/
https://www.instagram.com/lovely_.writer?igsh=MWd5MGh5OXFmM2JmZg==,https://www.instagram.com/reel/C4JNsGEsdrL/
https://www.instagram.com/lovely_.writer?igsh=MWd5MGh5OXFmM2JmZg==,https://www.instagram.com/reel/C4Iw43sS6wh/
https://www.instagram.com/lovely_.writer?igsh=MWd5MGh5OXFmM2JmZg==,https://www.instagram.com/reel/C4GgmThyKB8/
https://www.instagram.com/lovely_.writer?igsh=MWd5MGh5OXFmM2JmZg==,https://www.instagram.com/reel/C4FmxlGsafF/
https://www.instagram.com/lovely_.writer?igsh=MWd5MGh5OXFmM2JmZg==,https://www.instagram.com/reel/C4DxlSSSZ0k/
https://www.instagram.com/lovely_.writer?igsh=MWd5MGh5OXFmM2JmZg==,https://www.instagram.com/reel/C3-rsLHsXRP/
https://www.instagram.com/lovely_.writer?igsh=MWd5MGh5OXFmM2JmZg==,https://www.instagram.com/reel/C39T5C-oPF2/
https://www.instagram.com/lovely_.writer?igsh=MWd5MGh5OXFmM2JmZg==,https://www.instagram.com/reel/C375yerM3u4/
https://www.instagram.com/lovely_.writer?igsh=MWd5MGh5OXFmM2JmZg==,https://www.instagram.com/reel/C34kso-ScM-/
https://www.instagram.com/lovely_.writer?igsh=MWd5MGh5OXFmM2JmZg==,https://www.instagram.com/reel/C3390nqSkWH/
https://www.instagram.com/lovely_.writer?igsh=MWd5MGh5OXFmM2JmZg==,https://www.instagram.com/reel/C32kgRLSWS3/
https://www.instagram.com/lovely_.writer?igsh=MWd5MGh5OXFmM2JmZg==,https://www.instagram.com/reel/C30LvftSDx3/
https://www.instagram.com/lovely_.writer?igsh=MWd5MGh5OXFmM2JmZg==,https://www.instagram.com/reel/C3xh9iXS726/
https://www.instagram.com/viral_babu_00?igsh=dDVxYmpnYTBiajI5,https://www.instagram.com/reel/C4x-kU8yIjX/
https://www.instagram.com/viral_babu_00?igsh=dDVxYmpnYTBiajI5,https://www.instagram.com/reel/C4w6PjlLccL/
https://www.instagram.com/viral_babu_00?igsh=dDVxYmpnYTBiajI5,https://www.instagram.com/reel/C4wZ_NXv4x6/
https://www.instagram.com/viral_babu_00?igsh=dDVxYmpnYTBiajI5,https://www.instagram.com/reel/C4vR9mMvHsM/
https://www.instagram.com/viral_babu_00?igsh=dDVxYmpnYTBiajI5,https://www.instagram.com/reel/C4uj3esrhy-/
https://www.instagram.com/viral_babu_00?igsh=dDVxYmpnYTBiajI5,https://www.instagram.com/reel/C4t7R2HvOde/
https://www.instagram.com/viral_babu_00?igsh=dDVxYmpnYTBiajI5,https://www.instagram.com/reel/C4swAzjvKEx/
https://www.instagram.com/viral_babu_00?igsh=dDVxYmpnYTBiajI5,https://www.instagram.com/reel/C4r_KhbrVOg/
https://www.instagram.com/viral_babu_00?igsh=dDVxYmpnYTBiajI5,https://www.instagram.com/reel/C4rPP4Jvq93/
https://www.instagram.com/viral_babu_00?igsh=dDVxYmpnYTBiajI5,https://www.instagram.com/reel/C4qQNfCvBQC/
https://www.instagram.com/viral_babu_00?igsh=dDVxYmpnYTBiajI5,https://www.instagram.com/reel/C4mGpJYP1Od/
https://www.instagram.com/viral_babu_00?igsh=dDVxYmpnYTBiajI5,https://www.instagram.com/reel/C4lMdy8P9Iy/
