https://www.instagram.com/gujju_comedywala?igsh=MWZzaHBrZXcycm81cw==,1740266
https://www.instagram.com/ek._kalam?igsh=MXJocHltdGhndzlkeQ==,1028923
https://www.instagram.com/gujju_comedywala?igsh=MWZzaHBrZXcycm81cw==,1740268
https://www.instagram.com/gujju_comedywala?igsh=MWZzaHBrZXcycm81cw==,1740268
https://www.instagram.com/gujju_comedywala?igsh=MWZzaHBrZXcycm81cw==,1740268
https://www.instagram.com/lovely_.writer?igsh=MWd5MGh5OXFmM2JmZg==,4342407
https://www.instagram.com/viral_babu_00?igsh=dDVxYmpnYTBiajI5,163249
https://www.instagram.com/ek._kalam?igsh=MXJocHltdGhndzlkeQ==,1039024
https://www.instagram.com/gujjuu_mera_fan?igsh=OGQ5ZDc2ODk2ZA==,1066884
https://www.instagram.com/thebluemoonedits786?igsh=a24ydTdkNm9kcmZ0,2698749
